path,sickness,target
./dataset/SB-FishDisease/Bacterial diseases - Aeromoniasis\Bacterial_diseases _Aeromoniasis _01.jpeg,bacterial_diseases _aeromoniasis ,disease
./dataset/SB-FishDisease/Bacterial diseases - Aeromoniasis\Bacterial_diseases _Aeromoniasis _02.jpg,bacterial_diseases _aeromoniasis ,disease
./dataset/SB-FishDisease/Bacterial diseases - Aeromoniasis\Bacterial_diseases _Aeromoniasis _03.png,bacterial_diseases _aeromoniasis ,disease
./dataset/SB-FishDisease/Bacterial diseases - Aeromoniasis\Bacterial_diseases _Aeromoniasis _04.jpeg,bacterial_diseases _aeromoniasis ,disease
./dataset/SB-FishDisease/Bacterial diseases - Aeromoniasis\Bacterial_diseases _Aeromoniasis _05.jpg,bacterial_diseases _aeromoniasis ,disease
./dataset/SB-FishDisease/Bacterial diseases - Aeromoniasis\Bacterial_diseases _Aeromoniasis _06.jpeg,bacterial_diseases _aeromoniasis ,disease
./dataset/SB-FishDisease/Bacterial diseases - Aeromoniasis\Bacterial_diseases _Aeromoniasis _07.jpg,bacterial_diseases _aeromoniasis ,disease
./dataset/SB-FishDisease/Bacterial diseases - Aeromoniasis\Bacterial_diseases _Aeromoniasis _08.jpg,bacterial_diseases _aeromoniasis ,disease
./dataset/SB-FishDisease/Bacterial diseases - Aeromoniasis\Bacterial_diseases _Aeromoniasis _09.jpeg,bacterial_diseases _aeromoniasis ,disease
./dataset/SB-FishDisease/Bacterial diseases - Aeromoniasis\Bacterial_diseases _Aeromoniasis _10.jpeg,bacterial_diseases _aeromoniasis ,disease
./dataset/SB-FishDisease/Bacterial diseases - Aeromoniasis\Bacterial_diseases _Aeromoniasis _11.jpg,bacterial_diseases _aeromoniasis ,disease
./dataset/SB-FishDisease/Bacterial diseases - Aeromoniasis\Bacterial_diseases _Aeromoniasis _12.jpeg,bacterial_diseases _aeromoniasis ,disease
./dataset/SB-FishDisease/Bacterial diseases - Aeromoniasis\Bacterial_diseases _Aeromoniasis _13.jpg,bacterial_diseases _aeromoniasis ,disease
./dataset/SB-FishDisease/Bacterial diseases - Aeromoniasis\Bacterial_diseases _Aeromoniasis _14.jpg,bacterial_diseases _aeromoniasis ,disease
./dataset/SB-FishDisease/Bacterial diseases - Aeromoniasis\Bacterial_diseases _Aeromoniasis _15.jpg,bacterial_diseases _aeromoniasis ,disease
./dataset/SB-FishDisease/Bacterial diseases - Aeromoniasis\Bacterial_diseases _Aeromoniasis _16.jpg,bacterial_diseases _aeromoniasis ,disease
./dataset/SB-FishDisease/Bacterial diseases - Aeromoniasis\Bacterial_diseases _Aeromoniasis _17.jpeg,bacterial_diseases _aeromoniasis ,disease
./dataset/SB-FishDisease/Bacterial diseases - Aeromoniasis\Bacterial_diseases _Aeromoniasis _18.jpg,bacterial_diseases _aeromoniasis ,disease
./dataset/SB-FishDisease/Bacterial diseases - Aeromoniasis\Bacterial_diseases _Aeromoniasis _19.jpg,bacterial_diseases _aeromoniasis ,disease
./dataset/SB-FishDisease/Bacterial diseases - Aeromoniasis\Bacterial_diseases _Aeromoniasis _20.png,bacterial_diseases _aeromoniasis ,disease
./dataset/SB-FishDisease/Bacterial diseases - Aeromoniasis\Bacterial_diseases _Aeromoniasis _21.jpeg,bacterial_diseases _aeromoniasis ,disease
./dataset/SB-FishDisease/Bacterial diseases - Aeromoniasis\Bacterial_diseases _Aeromoniasis _22.jpg,bacterial_diseases _aeromoniasis ,disease
./dataset/SB-FishDisease/Bacterial diseases - Aeromoniasis\Bacterial_diseases _Aeromoniasis _23.jpg,bacterial_diseases _aeromoniasis ,disease
./dataset/SB-FishDisease/Bacterial diseases - Aeromoniasis\Bacterial_diseases _Aeromoniasis _24.jpg,bacterial_diseases _aeromoniasis ,disease
./dataset/SB-FishDisease/Bacterial diseases - Aeromoniasis\Bacterial_diseases _Aeromoniasis _25.jpg,bacterial_diseases _aeromoniasis ,disease
./dataset/SB-FishDisease/Bacterial diseases - Aeromoniasis\Bacterial_diseases _Aeromoniasis _26.jpg,bacterial_diseases _aeromoniasis ,disease
./dataset/SB-FishDisease/Bacterial diseases - Aeromoniasis\Bacterial_diseases _Aeromoniasis _27.jpg,bacterial_diseases _aeromoniasis ,disease
./dataset/SB-FishDisease/Bacterial diseases - Aeromoniasis\Bacterial_diseases _Aeromoniasis _28.jpg,bacterial_diseases _aeromoniasis ,disease
./dataset/SB-FishDisease/Bacterial diseases - Aeromoniasis\Bacterial_diseases _Aeromoniasis _29.jpg,bacterial_diseases _aeromoniasis ,disease
./dataset/SB-FishDisease/Bacterial diseases - Aeromoniasis\Bacterial_diseases _Aeromoniasis _30.jpg,bacterial_diseases _aeromoniasis ,disease
./dataset/SB-FishDisease/Bacterial diseases - Aeromoniasis\Bacterial_diseases _Aeromoniasis _31.jpg,bacterial_diseases _aeromoniasis ,disease
./dataset/SB-FishDisease/Bacterial diseases - Aeromoniasis\Bacterial_diseases _Aeromoniasis _32.jpg,bacterial_diseases _aeromoniasis ,disease
./dataset/SB-FishDisease/Bacterial diseases - Aeromoniasis\Bacterial_diseases _Aeromoniasis _33.jpg,bacterial_diseases _aeromoniasis ,disease
./dataset/SB-FishDisease/Bacterial diseases - Aeromoniasis\Bacterial_diseases _Aeromoniasis _34.jpg,bacterial_diseases _aeromoniasis ,disease
./dataset/SB-FishDisease/Bacterial diseases - Aeromoniasis\Bacterial_diseases _Aeromoniasis _35.jpg,bacterial_diseases _aeromoniasis ,disease
./dataset/SB-FishDisease/Bacterial diseases - Aeromoniasis\Bacterial_diseases _Aeromoniasis _36.jpg,bacterial_diseases _aeromoniasis ,disease
./dataset/SB-FishDisease/Bacterial diseases - Aeromoniasis\Bacterial_diseases _Aeromoniasis _37.jpg,bacterial_diseases _aeromoniasis ,disease
./dataset/SB-FishDisease/Bacterial diseases - Aeromoniasis\Bacterial_diseases _Aeromoniasis _38.jpg,bacterial_diseases _aeromoniasis ,disease
./dataset/SB-FishDisease/Bacterial diseases - Aeromoniasis\Bacterial_diseases _Aeromoniasis _39.jpg,bacterial_diseases _aeromoniasis ,disease
./dataset/SB-FishDisease/Bacterial diseases - Aeromoniasis\Bacterial_diseases _Aeromoniasis _40.jpg,bacterial_diseases _aeromoniasis ,disease
./dataset/SB-FishDisease/Bacterial diseases - Aeromoniasis\Bacterial_diseases _Aeromoniasis _41.jpg,bacterial_diseases _aeromoniasis ,disease
./dataset/SB-FishDisease/Bacterial diseases - Aeromoniasis\Bacterial_diseases _Aeromoniasis _42.jpg,bacterial_diseases _aeromoniasis ,disease
./dataset/SB-FishDisease/Bacterial diseases - Aeromoniasis\Bacterial_diseases _Aeromoniasis _43.jpg,bacterial_diseases _aeromoniasis ,disease
./dataset/SB-FishDisease/Bacterial diseases - Aeromoniasis\Bacterial_diseases _Aeromoniasis _44.jpg,bacterial_diseases _aeromoniasis ,disease
./dataset/SB-FishDisease/Bacterial diseases - Aeromoniasis\Bacterial_diseases _Aeromoniasis _45.jpg,bacterial_diseases _aeromoniasis ,disease
./dataset/SB-FishDisease/Bacterial diseases - Aeromoniasis\Bacterial_diseases _Aeromoniasis _46.jpg,bacterial_diseases _aeromoniasis ,disease
./dataset/SB-FishDisease/Bacterial diseases - Aeromoniasis\Bacterial_diseases _Aeromoniasis _47.jpg,bacterial_diseases _aeromoniasis ,disease
./dataset/SB-FishDisease/Bacterial gill disease\Bacterial_gill disease_01.jpeg,bacterial_gill disease,disease
./dataset/SB-FishDisease/Bacterial gill disease\Bacterial_gill disease_02.jpg,bacterial_gill disease,disease
./dataset/SB-FishDisease/Bacterial gill disease\Bacterial_gill disease_03.png,bacterial_gill disease,disease
./dataset/SB-FishDisease/Bacterial gill disease\Bacterial_gill disease_04.jpeg,bacterial_gill disease,disease
./dataset/SB-FishDisease/Bacterial gill disease\Bacterial_gill disease_05.jpg,bacterial_gill disease,disease
./dataset/SB-FishDisease/Bacterial gill disease\Bacterial_gill disease_06.png,bacterial_gill disease,disease
./dataset/SB-FishDisease/Bacterial gill disease\Bacterial_gill disease_07.jpg,bacterial_gill disease,disease
./dataset/SB-FishDisease/Bacterial gill disease\Bacterial_gill disease_08.png,bacterial_gill disease,disease
./dataset/SB-FishDisease/Bacterial gill disease\Bacterial_gill disease_09.jpeg,bacterial_gill disease,disease
./dataset/SB-FishDisease/Bacterial gill disease\Bacterial_gill disease_10.png,bacterial_gill disease,disease
./dataset/SB-FishDisease/Bacterial gill disease\Bacterial_gill disease_11.jpeg,bacterial_gill disease,disease
./dataset/SB-FishDisease/Bacterial gill disease\Bacterial_gill disease_12.jpeg,bacterial_gill disease,disease
./dataset/SB-FishDisease/Bacterial gill disease\Bacterial_gill disease_13.png,bacterial_gill disease,disease
./dataset/SB-FishDisease/Bacterial gill disease\Bacterial_gill disease_14.jpg,bacterial_gill disease,disease
./dataset/SB-FishDisease/Bacterial gill disease\Bacterial_gill disease_15.jpeg,bacterial_gill disease,disease
./dataset/SB-FishDisease/Bacterial gill disease\Bacterial_gill disease_16.jpeg,bacterial_gill disease,disease
./dataset/SB-FishDisease/Bacterial gill disease\Bacterial_gill disease_17.jpg,bacterial_gill disease,disease
./dataset/SB-FishDisease/Bacterial gill disease\Bacterial_gill disease_18.jpeg,bacterial_gill disease,disease
./dataset/SB-FishDisease/Bacterial gill disease\Bacterial_gill disease_19.png,bacterial_gill disease,disease
./dataset/SB-FishDisease/Bacterial gill disease\Bacterial_gill disease_20.png,bacterial_gill disease,disease
./dataset/SB-FishDisease/Bacterial gill disease\Bacterial_gill disease_21.jpg,bacterial_gill disease,disease
./dataset/SB-FishDisease/Bacterial gill disease\Bacterial_gill disease_22.jpg,bacterial_gill disease,disease
./dataset/SB-FishDisease/Bacterial gill disease\Bacterial_gill disease_23.jpg,bacterial_gill disease,disease
./dataset/SB-FishDisease/Bacterial gill disease\Bacterial_gill disease_24.jpeg,bacterial_gill disease,disease
./dataset/SB-FishDisease/Bacterial gill disease\Bacterial_gill disease_25.jpg,bacterial_gill disease,disease
./dataset/SB-FishDisease/Bacterial gill disease\Bacterial_gill disease_26.jpg,bacterial_gill disease,disease
./dataset/SB-FishDisease/Bacterial gill disease\Bacterial_gill disease_27.jpg,bacterial_gill disease,disease
./dataset/SB-FishDisease/Bacterial gill disease\Bacterial_gill disease_28.jpeg,bacterial_gill disease,disease
./dataset/SB-FishDisease/Bacterial gill disease\Bacterial_gill disease_29.jpg,bacterial_gill disease,disease
./dataset/SB-FishDisease/Bacterial gill disease\Bacterial_gill disease_30.jpeg,bacterial_gill disease,disease
./dataset/SB-FishDisease/Bacterial gill disease\Bacterial_gill disease_31.jpg,bacterial_gill disease,disease
./dataset/SB-FishDisease/Bacterial gill disease\Bacterial_gill disease_32.jpg,bacterial_gill disease,disease
./dataset/SB-FishDisease/Bacterial gill disease\Bacterial_gill disease_33.jpeg,bacterial_gill disease,disease
./dataset/SB-FishDisease/Bacterial gill disease\Bacterial_gill disease_34.jpg,bacterial_gill disease,disease
./dataset/SB-FishDisease/Bacterial gill disease\Bacterial_gill disease_35.jpg,bacterial_gill disease,disease
./dataset/SB-FishDisease/Bacterial gill disease\Bacterial_gill disease_36.jpg,bacterial_gill disease,disease
./dataset/SB-FishDisease/Bacterial gill disease\Bacterial_gill disease_37.jpeg,bacterial_gill disease,disease
./dataset/SB-FishDisease/Bacterial gill disease\Bacterial_gill disease_38.jpg,bacterial_gill disease,disease
./dataset/SB-FishDisease/Bacterial gill disease\Bacterial_gill disease_39.jpeg,bacterial_gill disease,disease
./dataset/SB-FishDisease/Bacterial gill disease\Bacterial_gill disease_40.jpg,bacterial_gill disease,disease
./dataset/SB-FishDisease/Bacterial gill disease\Bacterial_gill disease_41.jpg,bacterial_gill disease,disease
./dataset/SB-FishDisease/Bacterial gill disease\Bacterial_gill disease_42.jpg,bacterial_gill disease,disease
./dataset/SB-FishDisease/Bacterial gill disease\Bacterial_gill disease_43.jpg,bacterial_gill disease,disease
./dataset/SB-FishDisease/Bacterial gill disease\Bacterial_gill disease_44.jpg,bacterial_gill disease,disease
./dataset/SB-FishDisease/Bacterial gill disease\Bacterial_gill disease_45.jpg,bacterial_gill disease,disease
./dataset/SB-FishDisease/Bacterial gill disease\Bacterial_gill disease_46.jpg,bacterial_gill disease,disease
./dataset/SB-FishDisease/Bacterial gill disease\Bacterial_gill disease_47.jpg,bacterial_gill disease,disease
./dataset/SB-FishDisease/Bacterial gill disease\Bacterial_gill disease_48.jpg,bacterial_gill disease,disease
./dataset/SB-FishDisease/Bacterial gill disease\Bacterial_gill disease_49.jpg,bacterial_gill disease,disease
./dataset/SB-FishDisease/Bacterial gill disease\Bacterial_gill disease_50.jpg,bacterial_gill disease,disease
./dataset/SB-FishDisease/Bacterial gill disease\Bacterial_gill disease_51.jpg,bacterial_gill disease,disease
./dataset/SB-FishDisease/Bacterial gill disease\Bacterial_gill disease_52.jpg,bacterial_gill disease,disease
./dataset/SB-FishDisease/Bacterial gill disease\Bacterial_gill disease_53.jpg,bacterial_gill disease,disease
./dataset/SB-FishDisease/Bacterial gill disease\Bacterial_gill disease_54.jpg,bacterial_gill disease,disease
./dataset/SB-FishDisease/Bacterial Red disease\Bacterial_Red disease_01.jpeg,bacterial_red disease,disease
./dataset/SB-FishDisease/Bacterial Red disease\Bacterial_Red disease_02.jpg,bacterial_red disease,disease
./dataset/SB-FishDisease/Bacterial Red disease\Bacterial_Red disease_03.png,bacterial_red disease,disease
./dataset/SB-FishDisease/Bacterial Red disease\Bacterial_Red disease_04.jpeg,bacterial_red disease,disease
./dataset/SB-FishDisease/Bacterial Red disease\Bacterial_Red disease_05.png,bacterial_red disease,disease
./dataset/SB-FishDisease/Bacterial Red disease\Bacterial_Red disease_06.jpg,bacterial_red disease,disease
./dataset/SB-FishDisease/Bacterial Red disease\Bacterial_Red disease_07.jpg,bacterial_red disease,disease
./dataset/SB-FishDisease/Bacterial Red disease\Bacterial_Red disease_08.png,bacterial_red disease,disease
./dataset/SB-FishDisease/Bacterial Red disease\Bacterial_Red disease_09.jpeg,bacterial_red disease,disease
./dataset/SB-FishDisease/Bacterial Red disease\Bacterial_Red disease_10.jpeg,bacterial_red disease,disease
./dataset/SB-FishDisease/Bacterial Red disease\Bacterial_Red disease_11.jpg,bacterial_red disease,disease
./dataset/SB-FishDisease/Bacterial Red disease\Bacterial_Red disease_12.png,bacterial_red disease,disease
./dataset/SB-FishDisease/Bacterial Red disease\Bacterial_Red disease_13.png,bacterial_red disease,disease
./dataset/SB-FishDisease/Bacterial Red disease\Bacterial_Red disease_14.jpg,bacterial_red disease,disease
./dataset/SB-FishDisease/Bacterial Red disease\Bacterial_Red disease_15.png,bacterial_red disease,disease
./dataset/SB-FishDisease/Bacterial Red disease\Bacterial_Red disease_16.jpg,bacterial_red disease,disease
./dataset/SB-FishDisease/Bacterial Red disease\Bacterial_Red disease_17.png,bacterial_red disease,disease
./dataset/SB-FishDisease/Bacterial Red disease\Bacterial_Red disease_18.jpeg,bacterial_red disease,disease
./dataset/SB-FishDisease/Bacterial Red disease\Bacterial_Red disease_19.jpg,bacterial_red disease,disease
./dataset/SB-FishDisease/Bacterial Red disease\Bacterial_Red disease_20.jpg,bacterial_red disease,disease
./dataset/SB-FishDisease/Bacterial Red disease\Bacterial_Red disease_21.jpg,bacterial_red disease,disease
./dataset/SB-FishDisease/Bacterial Red disease\Bacterial_Red disease_22.jpg,bacterial_red disease,disease
./dataset/SB-FishDisease/Bacterial Red disease\Bacterial_Red disease_23.jpg,bacterial_red disease,disease
./dataset/SB-FishDisease/Bacterial Red disease\Bacterial_Red disease_24.jpg,bacterial_red disease,disease
./dataset/SB-FishDisease/Bacterial Red disease\Bacterial_Red disease_25.jpg,bacterial_red disease,disease
./dataset/SB-FishDisease/Bacterial Red disease\Bacterial_Red disease_26.jpg,bacterial_red disease,disease
./dataset/SB-FishDisease/Bacterial Red disease\Bacterial_Red disease_27.jpg,bacterial_red disease,disease
./dataset/SB-FishDisease/Bacterial Red disease\Bacterial_Red disease_28.jpg,bacterial_red disease,disease
./dataset/SB-FishDisease/Bacterial Red disease\Bacterial_Red disease_29.jpg,bacterial_red disease,disease
./dataset/SB-FishDisease/Bacterial Red disease\Bacterial_Red disease_30.jpg,bacterial_red disease,disease
./dataset/SB-FishDisease/Bacterial Red disease\Bacterial_Red disease_31.jpg,bacterial_red disease,disease
./dataset/SB-FishDisease/Bacterial Red disease\Bacterial_Red disease_32.jpg,bacterial_red disease,disease
./dataset/SB-FishDisease/Bacterial Red disease\Bacterial_Red disease_33.jpg,bacterial_red disease,disease
./dataset/SB-FishDisease/Bacterial Red disease\Bacterial_Red disease_34.jpg,bacterial_red disease,disease
./dataset/SB-FishDisease/Bacterial Red disease\Bacterial_Red disease_35.jpg,bacterial_red disease,disease
./dataset/SB-FishDisease/Bacterial Red disease\Bacterial_Red disease_36.jpg,bacterial_red disease,disease
./dataset/SB-FishDisease/Bacterial Red disease\Bacterial_Red disease_37.jpg,bacterial_red disease,disease
./dataset/SB-FishDisease/Bacterial Red disease\Bacterial_Red disease_38.jpg,bacterial_red disease,disease
./dataset/SB-FishDisease/Bacterial Red disease\Bacterial_Red disease_39.jpg,bacterial_red disease,disease
./dataset/SB-FishDisease/Bacterial Red disease\Bacterial_Red disease_40.jpg,bacterial_red disease,disease
./dataset/SB-FishDisease/Bacterial Red disease\Bacterial_Red disease_41.jpg,bacterial_red disease,disease
./dataset/SB-FishDisease/Bacterial Red disease\Bacterial_Red disease_42.jpg,bacterial_red disease,disease
./dataset/SB-FishDisease/Bacterial Red disease\Bacterial_Red disease_43.jpg,bacterial_red disease,disease
./dataset/SB-FishDisease/Bacterial Red disease\Bacterial_Red disease_44.jpg,bacterial_red disease,disease
./dataset/SB-FishDisease/Bacterial Red disease\Bacterial_Red disease_45.jpg,bacterial_red disease,disease
./dataset/SB-FishDisease/Fungal diseases Saprolegniasis\Fungal_diseases_Saprolegniasis_01.jpg,fungal_diseases_saprolegniasis,disease
./dataset/SB-FishDisease/Fungal diseases Saprolegniasis\Fungal_diseases_Saprolegniasis_02.jpeg,fungal_diseases_saprolegniasis,disease
./dataset/SB-FishDisease/Fungal diseases Saprolegniasis\Fungal_diseases_Saprolegniasis_03.jpeg,fungal_diseases_saprolegniasis,disease
./dataset/SB-FishDisease/Fungal diseases Saprolegniasis\Fungal_diseases_Saprolegniasis_04.jpeg,fungal_diseases_saprolegniasis,disease
./dataset/SB-FishDisease/Fungal diseases Saprolegniasis\Fungal_diseases_Saprolegniasis_05.jpg,fungal_diseases_saprolegniasis,disease
./dataset/SB-FishDisease/Fungal diseases Saprolegniasis\Fungal_diseases_Saprolegniasis_06.jpeg,fungal_diseases_saprolegniasis,disease
./dataset/SB-FishDisease/Fungal diseases Saprolegniasis\Fungal_diseases_Saprolegniasis_07.jpeg,fungal_diseases_saprolegniasis,disease
./dataset/SB-FishDisease/Fungal diseases Saprolegniasis\Fungal_diseases_Saprolegniasis_08.jpeg,fungal_diseases_saprolegniasis,disease
./dataset/SB-FishDisease/Fungal diseases Saprolegniasis\Fungal_diseases_Saprolegniasis_09.jpg,fungal_diseases_saprolegniasis,disease
./dataset/SB-FishDisease/Fungal diseases Saprolegniasis\Fungal_diseases_Saprolegniasis_10.jpeg,fungal_diseases_saprolegniasis,disease
./dataset/SB-FishDisease/Fungal diseases Saprolegniasis\Fungal_diseases_Saprolegniasis_11.jpg,fungal_diseases_saprolegniasis,disease
./dataset/SB-FishDisease/Fungal diseases Saprolegniasis\Fungal_diseases_Saprolegniasis_12.jpg,fungal_diseases_saprolegniasis,disease
./dataset/SB-FishDisease/Fungal diseases Saprolegniasis\Fungal_diseases_Saprolegniasis_13.jpg,fungal_diseases_saprolegniasis,disease
./dataset/SB-FishDisease/Fungal diseases Saprolegniasis\Fungal_diseases_Saprolegniasis_14.jpg,fungal_diseases_saprolegniasis,disease
./dataset/SB-FishDisease/Fungal diseases Saprolegniasis\Fungal_diseases_Saprolegniasis_15.jpg,fungal_diseases_saprolegniasis,disease
./dataset/SB-FishDisease/Fungal diseases Saprolegniasis\Fungal_diseases_Saprolegniasis_16.png,fungal_diseases_saprolegniasis,disease
./dataset/SB-FishDisease/Fungal diseases Saprolegniasis\Fungal_diseases_Saprolegniasis_17.png,fungal_diseases_saprolegniasis,disease
./dataset/SB-FishDisease/Fungal diseases Saprolegniasis\Fungal_diseases_Saprolegniasis_18.jpeg,fungal_diseases_saprolegniasis,disease
./dataset/SB-FishDisease/Fungal diseases Saprolegniasis\Fungal_diseases_Saprolegniasis_19.jpg,fungal_diseases_saprolegniasis,disease
./dataset/SB-FishDisease/Fungal diseases Saprolegniasis\Fungal_diseases_Saprolegniasis_20.jpg,fungal_diseases_saprolegniasis,disease
./dataset/SB-FishDisease/Fungal diseases Saprolegniasis\Fungal_diseases_Saprolegniasis_21.jpeg,fungal_diseases_saprolegniasis,disease
./dataset/SB-FishDisease/Fungal diseases Saprolegniasis\Fungal_diseases_Saprolegniasis_22.jpeg,fungal_diseases_saprolegniasis,disease
./dataset/SB-FishDisease/Fungal diseases Saprolegniasis\Fungal_diseases_Saprolegniasis_23.jpg,fungal_diseases_saprolegniasis,disease
./dataset/SB-FishDisease/Fungal diseases Saprolegniasis\Fungal_diseases_Saprolegniasis_24.png,fungal_diseases_saprolegniasis,disease
./dataset/SB-FishDisease/Fungal diseases Saprolegniasis\Fungal_diseases_Saprolegniasis_25.jpg,fungal_diseases_saprolegniasis,disease
./dataset/SB-FishDisease/Fungal diseases Saprolegniasis\Fungal_diseases_Saprolegniasis_26.png,fungal_diseases_saprolegniasis,disease
./dataset/SB-FishDisease/Fungal diseases Saprolegniasis\Fungal_diseases_Saprolegniasis_27.jpg,fungal_diseases_saprolegniasis,disease
./dataset/SB-FishDisease/Fungal diseases Saprolegniasis\Fungal_diseases_Saprolegniasis_28.jpeg,fungal_diseases_saprolegniasis,disease
./dataset/SB-FishDisease/Fungal diseases Saprolegniasis\Fungal_diseases_Saprolegniasis_29.jpg,fungal_diseases_saprolegniasis,disease
./dataset/SB-FishDisease/Fungal diseases Saprolegniasis\Fungal_diseases_Saprolegniasis_30.jpg,fungal_diseases_saprolegniasis,disease
./dataset/SB-FishDisease/Fungal diseases Saprolegniasis\Fungal_diseases_Saprolegniasis_31.jpg,fungal_diseases_saprolegniasis,disease
./dataset/SB-FishDisease/Fungal diseases Saprolegniasis\Fungal_diseases_Saprolegniasis_32.jpg,fungal_diseases_saprolegniasis,disease
./dataset/SB-FishDisease/Fungal diseases Saprolegniasis\Fungal_diseases_Saprolegniasis_33.jpg,fungal_diseases_saprolegniasis,disease
./dataset/SB-FishDisease/Fungal diseases Saprolegniasis\Fungal_diseases_Saprolegniasis_34.jpg,fungal_diseases_saprolegniasis,disease
./dataset/SB-FishDisease/Fungal diseases Saprolegniasis\Fungal_diseases_Saprolegniasis_35.jpg,fungal_diseases_saprolegniasis,disease
./dataset/SB-FishDisease/Fungal diseases Saprolegniasis\Fungal_diseases_Saprolegniasis_36.jpg,fungal_diseases_saprolegniasis,disease
./dataset/SB-FishDisease/Fungal diseases Saprolegniasis\Fungal_diseases_Saprolegniasis_37.jpg,fungal_diseases_saprolegniasis,disease
./dataset/SB-FishDisease/Fungal diseases Saprolegniasis\Fungal_diseases_Saprolegniasis_38.jpg,fungal_diseases_saprolegniasis,disease
./dataset/SB-FishDisease/Fungal diseases Saprolegniasis\Fungal_diseases_Saprolegniasis_39.jpg,fungal_diseases_saprolegniasis,disease
./dataset/SB-FishDisease/Fungal diseases Saprolegniasis\Fungal_diseases_Saprolegniasis_40.jpg,fungal_diseases_saprolegniasis,disease
./dataset/SB-FishDisease/Fungal diseases Saprolegniasis\Fungal_diseases_Saprolegniasis_41.jpg,fungal_diseases_saprolegniasis,disease
./dataset/SB-FishDisease/Fungal diseases Saprolegniasis\Fungal_diseases_Saprolegniasis_42.jpg,fungal_diseases_saprolegniasis,disease
./dataset/SB-FishDisease/Fungal diseases Saprolegniasis\Fungal_diseases_Saprolegniasis_43.jpg,fungal_diseases_saprolegniasis,disease
./dataset/SB-FishDisease/Fungal diseases Saprolegniasis\Fungal_diseases_Saprolegniasis_44.jpg,fungal_diseases_saprolegniasis,disease
./dataset/SB-FishDisease/Fungal diseases Saprolegniasis\Fungal_diseases_Saprolegniasis_45.jpg,fungal_diseases_saprolegniasis,disease
./dataset/SB-FishDisease/Fungal diseases Saprolegniasis\Fungal_diseases_Saprolegniasis_46.jpg,fungal_diseases_saprolegniasis,disease
./dataset/SB-FishDisease/Healthy Fish\Healthy_Fish_01.jpg,healthy_fish,healthy
./dataset/SB-FishDisease/Healthy Fish\Healthy_Fish_02.jpeg,healthy_fish,healthy
./dataset/SB-FishDisease/Healthy Fish\Healthy_Fish_03.jpeg,healthy_fish,healthy
./dataset/SB-FishDisease/Healthy Fish\Healthy_Fish_04.jpeg,healthy_fish,healthy
./dataset/SB-FishDisease/Healthy Fish\Healthy_Fish_05.jpeg,healthy_fish,healthy
./dataset/SB-FishDisease/Healthy Fish\Healthy_Fish_06.jpeg,healthy_fish,healthy
./dataset/SB-FishDisease/Healthy Fish\Healthy_Fish_07.jpg,healthy_fish,healthy
./dataset/SB-FishDisease/Healthy Fish\Healthy_Fish_08.jpg,healthy_fish,healthy
./dataset/SB-FishDisease/Healthy Fish\Healthy_Fish_09.jpg,healthy_fish,healthy
./dataset/SB-FishDisease/Healthy Fish\Healthy_Fish_10.jpg,healthy_fish,healthy
./dataset/SB-FishDisease/Healthy Fish\Healthy_Fish_100.jpg,healthy_fish,healthy
./dataset/SB-FishDisease/Healthy Fish\Healthy_Fish_101.jpg,healthy_fish,healthy
./dataset/SB-FishDisease/Healthy Fish\Healthy_Fish_102.jpg,healthy_fish,healthy
./dataset/SB-FishDisease/Healthy Fish\Healthy_Fish_103.jpg,healthy_fish,healthy
./dataset/SB-FishDisease/Healthy Fish\Healthy_Fish_104.jpg,healthy_fish,healthy
./dataset/SB-FishDisease/Healthy Fish\Healthy_Fish_105.jpg,healthy_fish,healthy
./dataset/SB-FishDisease/Healthy Fish\Healthy_Fish_106.jpg,healthy_fish,healthy
./dataset/SB-FishDisease/Healthy Fish\Healthy_Fish_107.jpg,healthy_fish,healthy
./dataset/SB-FishDisease/Healthy Fish\Healthy_Fish_108.jpg,healthy_fish,healthy
./dataset/SB-FishDisease/Healthy Fish\Healthy_Fish_109.jpg,healthy_fish,healthy
./dataset/SB-FishDisease/Healthy Fish\Healthy_Fish_11.jpeg,healthy_fish,healthy
./dataset/SB-FishDisease/Healthy Fish\Healthy_Fish_110.jpg,healthy_fish,healthy
./dataset/SB-FishDisease/Healthy Fish\Healthy_Fish_111.jpg,healthy_fish,healthy
./dataset/SB-FishDisease/Healthy Fish\Healthy_Fish_112.jpg,healthy_fish,healthy
./dataset/SB-FishDisease/Healthy Fish\Healthy_Fish_113.jpg,healthy_fish,healthy
./dataset/SB-FishDisease/Healthy Fish\Healthy_Fish_114.jpg,healthy_fish,healthy
./dataset/SB-FishDisease/Healthy Fish\Healthy_Fish_115.jpg,healthy_fish,healthy
./dataset/SB-FishDisease/Healthy Fish\Healthy_Fish_116.jpg,healthy_fish,healthy
./dataset/SB-FishDisease/Healthy Fish\Healthy_Fish_117.jpg,healthy_fish,healthy
./dataset/SB-FishDisease/Healthy Fish\Healthy_Fish_118.jpg,healthy_fish,healthy
./dataset/SB-FishDisease/Healthy Fish\Healthy_Fish_119.jpg,healthy_fish,healthy
./dataset/SB-FishDisease/Healthy Fish\Healthy_Fish_12.jpg,healthy_fish,healthy
./dataset/SB-FishDisease/Healthy Fish\Healthy_Fish_120.jpg,healthy_fish,healthy
./dataset/SB-FishDisease/Healthy Fish\Healthy_Fish_121.jpg,healthy_fish,healthy
./dataset/SB-FishDisease/Healthy Fish\Healthy_Fish_122.jpg,healthy_fish,healthy
./dataset/SB-FishDisease/Healthy Fish\Healthy_Fish_123.jpg,healthy_fish,healthy
./dataset/SB-FishDisease/Healthy Fish\Healthy_Fish_124.jpg,healthy_fish,healthy
./dataset/SB-FishDisease/Healthy Fish\Healthy_Fish_125.jpg,healthy_fish,healthy
./dataset/SB-FishDisease/Healthy Fish\Healthy_Fish_126.jpg,healthy_fish,healthy
./dataset/SB-FishDisease/Healthy Fish\Healthy_Fish_127.jpg,healthy_fish,healthy
./dataset/SB-FishDisease/Healthy Fish\Healthy_Fish_128.jpg,healthy_fish,healthy
./dataset/SB-FishDisease/Healthy Fish\Healthy_Fish_129.jpg,healthy_fish,healthy
./dataset/SB-FishDisease/Healthy Fish\Healthy_Fish_13.jpg,healthy_fish,healthy
./dataset/SB-FishDisease/Healthy Fish\Healthy_Fish_130.jpg,healthy_fish,healthy
./dataset/SB-FishDisease/Healthy Fish\Healthy_Fish_131.jpg,healthy_fish,healthy
./dataset/SB-FishDisease/Healthy Fish\Healthy_Fish_132.jpg,healthy_fish,healthy
./dataset/SB-FishDisease/Healthy Fish\Healthy_Fish_133.jpg,healthy_fish,healthy
./dataset/SB-FishDisease/Healthy Fish\Healthy_Fish_134.jpg,healthy_fish,healthy
./dataset/SB-FishDisease/Healthy Fish\Healthy_Fish_135.jpg,healthy_fish,healthy
./dataset/SB-FishDisease/Healthy Fish\Healthy_Fish_136.jpg,healthy_fish,healthy
./dataset/SB-FishDisease/Healthy Fish\Healthy_Fish_137.jpg,healthy_fish,healthy
./dataset/SB-FishDisease/Healthy Fish\Healthy_Fish_138.jpg,healthy_fish,healthy
./dataset/SB-FishDisease/Healthy Fish\Healthy_Fish_139.jpg,healthy_fish,healthy
./dataset/SB-FishDisease/Healthy Fish\Healthy_Fish_14.jpg,healthy_fish,healthy
./dataset/SB-FishDisease/Healthy Fish\Healthy_Fish_140.jpg,healthy_fish,healthy
./dataset/SB-FishDisease/Healthy Fish\Healthy_Fish_141.jpg,healthy_fish,healthy
./dataset/SB-FishDisease/Healthy Fish\Healthy_Fish_15.jpg,healthy_fish,healthy
./dataset/SB-FishDisease/Healthy Fish\Healthy_Fish_16.jpeg,healthy_fish,healthy
./dataset/SB-FishDisease/Healthy Fish\Healthy_Fish_17.jpg,healthy_fish,healthy
./dataset/SB-FishDisease/Healthy Fish\Healthy_Fish_18.jpg,healthy_fish,healthy
./dataset/SB-FishDisease/Healthy Fish\Healthy_Fish_19.jpg,healthy_fish,healthy
./dataset/SB-FishDisease/Healthy Fish\Healthy_Fish_20.jpg,healthy_fish,healthy
./dataset/SB-FishDisease/Healthy Fish\Healthy_Fish_21.jpg,healthy_fish,healthy
./dataset/SB-FishDisease/Healthy Fish\Healthy_Fish_22.jpg,healthy_fish,healthy
./dataset/SB-FishDisease/Healthy Fish\Healthy_Fish_23.jpeg,healthy_fish,healthy
./dataset/SB-FishDisease/Healthy Fish\Healthy_Fish_24.jpeg,healthy_fish,healthy
./dataset/SB-FishDisease/Healthy Fish\Healthy_Fish_25.jpeg,healthy_fish,healthy
./dataset/SB-FishDisease/Healthy Fish\Healthy_Fish_26.jpg,healthy_fish,healthy
./dataset/SB-FishDisease/Healthy Fish\Healthy_Fish_27.jpg,healthy_fish,healthy
./dataset/SB-FishDisease/Healthy Fish\Healthy_Fish_28.jpg,healthy_fish,healthy
./dataset/SB-FishDisease/Healthy Fish\Healthy_Fish_29.jpg,healthy_fish,healthy
./dataset/SB-FishDisease/Healthy Fish\Healthy_Fish_30.jpg,healthy_fish,healthy
./dataset/SB-FishDisease/Healthy Fish\Healthy_Fish_31.jpeg,healthy_fish,healthy
./dataset/SB-FishDisease/Healthy Fish\Healthy_Fish_32.jpg,healthy_fish,healthy
./dataset/SB-FishDisease/Healthy Fish\Healthy_Fish_33.jpg,healthy_fish,healthy
./dataset/SB-FishDisease/Healthy Fish\Healthy_Fish_34.jpg,healthy_fish,healthy
./dataset/SB-FishDisease/Healthy Fish\Healthy_Fish_35.jpg,healthy_fish,healthy
./dataset/SB-FishDisease/Healthy Fish\Healthy_Fish_36.jpg,healthy_fish,healthy
./dataset/SB-FishDisease/Healthy Fish\Healthy_Fish_37.jpg,healthy_fish,healthy
./dataset/SB-FishDisease/Healthy Fish\Healthy_Fish_38.jpg,healthy_fish,healthy
./dataset/SB-FishDisease/Healthy Fish\Healthy_Fish_39.jpeg,healthy_fish,healthy
./dataset/SB-FishDisease/Healthy Fish\Healthy_Fish_40.jpg,healthy_fish,healthy
./dataset/SB-FishDisease/Healthy Fish\Healthy_Fish_41.jpg,healthy_fish,healthy
./dataset/SB-FishDisease/Healthy Fish\Healthy_Fish_42.jpg,healthy_fish,healthy
./dataset/SB-FishDisease/Healthy Fish\Healthy_Fish_43.jpg,healthy_fish,healthy
./dataset/SB-FishDisease/Healthy Fish\Healthy_Fish_44.jpg,healthy_fish,healthy
./dataset/SB-FishDisease/Healthy Fish\Healthy_Fish_45.jpg,healthy_fish,healthy
./dataset/SB-FishDisease/Healthy Fish\Healthy_Fish_46.jpg,healthy_fish,healthy
./dataset/SB-FishDisease/Healthy Fish\Healthy_Fish_47.jpg,healthy_fish,healthy
./dataset/SB-FishDisease/Healthy Fish\Healthy_Fish_48.jpg,healthy_fish,healthy
./dataset/SB-FishDisease/Healthy Fish\Healthy_Fish_49.jpg,healthy_fish,healthy
./dataset/SB-FishDisease/Healthy Fish\Healthy_Fish_50.jpg,healthy_fish,healthy
./dataset/SB-FishDisease/Healthy Fish\Healthy_Fish_51.jpg,healthy_fish,healthy
./dataset/SB-FishDisease/Healthy Fish\Healthy_Fish_52.jpg,healthy_fish,healthy
./dataset/SB-FishDisease/Healthy Fish\Healthy_Fish_53.jpg,healthy_fish,healthy
./dataset/SB-FishDisease/Healthy Fish\Healthy_Fish_54.jpg,healthy_fish,healthy
./dataset/SB-FishDisease/Healthy Fish\Healthy_Fish_55.jpg,healthy_fish,healthy
./dataset/SB-FishDisease/Healthy Fish\Healthy_Fish_56.jpg,healthy_fish,healthy
./dataset/SB-FishDisease/Healthy Fish\Healthy_Fish_57.jpg,healthy_fish,healthy
./dataset/SB-FishDisease/Healthy Fish\Healthy_Fish_58.jpg,healthy_fish,healthy
./dataset/SB-FishDisease/Healthy Fish\Healthy_Fish_59.jpg,healthy_fish,healthy
./dataset/SB-FishDisease/Healthy Fish\Healthy_Fish_60.jpg,healthy_fish,healthy
./dataset/SB-FishDisease/Healthy Fish\Healthy_Fish_61.jpg,healthy_fish,healthy
./dataset/SB-FishDisease/Healthy Fish\Healthy_Fish_62.jpg,healthy_fish,healthy
./dataset/SB-FishDisease/Healthy Fish\Healthy_Fish_63.jpg,healthy_fish,healthy
./dataset/SB-FishDisease/Healthy Fish\Healthy_Fish_64.jpg,healthy_fish,healthy
./dataset/SB-FishDisease/Healthy Fish\Healthy_Fish_65.jpg,healthy_fish,healthy
./dataset/SB-FishDisease/Healthy Fish\Healthy_Fish_66.jpg,healthy_fish,healthy
./dataset/SB-FishDisease/Healthy Fish\Healthy_Fish_67.jpg,healthy_fish,healthy
./dataset/SB-FishDisease/Healthy Fish\Healthy_Fish_68.jpg,healthy_fish,healthy
./dataset/SB-FishDisease/Healthy Fish\Healthy_Fish_69.jpeg,healthy_fish,healthy
./dataset/SB-FishDisease/Healthy Fish\Healthy_Fish_70.jpg,healthy_fish,healthy
./dataset/SB-FishDisease/Healthy Fish\Healthy_Fish_71.jpg,healthy_fish,healthy
./dataset/SB-FishDisease/Healthy Fish\Healthy_Fish_72.jpg,healthy_fish,healthy
./dataset/SB-FishDisease/Healthy Fish\Healthy_Fish_73.jpg,healthy_fish,healthy
./dataset/SB-FishDisease/Healthy Fish\Healthy_Fish_74.jpg,healthy_fish,healthy
./dataset/SB-FishDisease/Healthy Fish\Healthy_Fish_75.jpg,healthy_fish,healthy
./dataset/SB-FishDisease/Healthy Fish\Healthy_Fish_76.jpg,healthy_fish,healthy
./dataset/SB-FishDisease/Healthy Fish\Healthy_Fish_77.jpg,healthy_fish,healthy
./dataset/SB-FishDisease/Healthy Fish\Healthy_Fish_78.jpg,healthy_fish,healthy
./dataset/SB-FishDisease/Healthy Fish\Healthy_Fish_79.jpg,healthy_fish,healthy
./dataset/SB-FishDisease/Healthy Fish\Healthy_Fish_80.jpg,healthy_fish,healthy
./dataset/SB-FishDisease/Healthy Fish\Healthy_Fish_81.jpg,healthy_fish,healthy
./dataset/SB-FishDisease/Healthy Fish\Healthy_Fish_82.jpg,healthy_fish,healthy
./dataset/SB-FishDisease/Healthy Fish\Healthy_Fish_83.jpg,healthy_fish,healthy
./dataset/SB-FishDisease/Healthy Fish\Healthy_Fish_84.jpg,healthy_fish,healthy
./dataset/SB-FishDisease/Healthy Fish\Healthy_Fish_85.jpg,healthy_fish,healthy
./dataset/SB-FishDisease/Healthy Fish\Healthy_Fish_86.jpg,healthy_fish,healthy
./dataset/SB-FishDisease/Healthy Fish\Healthy_Fish_87.jpg,healthy_fish,healthy
./dataset/SB-FishDisease/Healthy Fish\Healthy_Fish_88.jpg,healthy_fish,healthy
./dataset/SB-FishDisease/Healthy Fish\Healthy_Fish_89.jpg,healthy_fish,healthy
./dataset/SB-FishDisease/Healthy Fish\Healthy_Fish_90.jpg,healthy_fish,healthy
./dataset/SB-FishDisease/Healthy Fish\Healthy_Fish_91.jpg,healthy_fish,healthy
./dataset/SB-FishDisease/Healthy Fish\Healthy_Fish_92.jpg,healthy_fish,healthy
./dataset/SB-FishDisease/Healthy Fish\Healthy_Fish_94.jpg,healthy_fish,healthy
./dataset/SB-FishDisease/Healthy Fish\Healthy_Fish_95.jpg,healthy_fish,healthy
./dataset/SB-FishDisease/Healthy Fish\Healthy_Fish_96.jpg,healthy_fish,healthy
./dataset/SB-FishDisease/Healthy Fish\Healthy_Fish_97.jpg,healthy_fish,healthy
./dataset/SB-FishDisease/Healthy Fish\Healthy_Fish_98.jpg,healthy_fish,healthy
./dataset/SB-FishDisease/Healthy Fish\Healthy_Fish_99.jpg,healthy_fish,healthy
./dataset/SB-FishDisease/Healthy Gills\healthy_fish_4.jpg,healthy_fish,healthy
./dataset/SB-FishDisease/Healthy Gills\healthy_gills_1.png,healthy_gills,healthy
./dataset/SB-FishDisease/Healthy Gills\healthy_gills_10.jpg,healthy_gills,healthy
./dataset/SB-FishDisease/Healthy Gills\healthy_gills_11.jpg,healthy_gills,healthy
./dataset/SB-FishDisease/Healthy Gills\healthy_gills_12.jpg,healthy_gills,healthy
./dataset/SB-FishDisease/Healthy Gills\healthy_gills_13.jpg,healthy_gills,healthy
./dataset/SB-FishDisease/Healthy Gills\healthy_gills_14.jpg,healthy_gills,healthy
./dataset/SB-FishDisease/Healthy Gills\healthy_gills_15.jpg,healthy_gills,healthy
./dataset/SB-FishDisease/Healthy Gills\healthy_gills_2.jpg,healthy_gills,healthy
./dataset/SB-FishDisease/Healthy Gills\healthy_gills_3.jpg,healthy_gills,healthy
./dataset/SB-FishDisease/Healthy Gills\healthy_gills_5.jpg,healthy_gills,healthy
./dataset/SB-FishDisease/Healthy Gills\healthy_gills_6.jpg,healthy_gills,healthy
./dataset/SB-FishDisease/Healthy Gills\healthy_gills_7.jpg,healthy_gills,healthy
./dataset/SB-FishDisease/Healthy Gills\healthy_gills_8.jpg,healthy_gills,healthy
./dataset/SB-FishDisease/Healthy Gills\healthy_gills_9.jpg,healthy_gills,healthy
./dataset/SB-FishDisease/Parasitic diseases\Parasitic_diseases_01.jpg,parasitic_diseases,disease
./dataset/SB-FishDisease/Parasitic diseases\Parasitic_diseases_02.jpg,parasitic_diseases,disease
./dataset/SB-FishDisease/Parasitic diseases\Parasitic_diseases_03.jpg,parasitic_diseases,disease
./dataset/SB-FishDisease/Parasitic diseases\Parasitic_diseases_04.jpg,parasitic_diseases,disease
./dataset/SB-FishDisease/Parasitic diseases\Parasitic_diseases_05.jpg,parasitic_diseases,disease
./dataset/SB-FishDisease/Parasitic diseases\Parasitic_diseases_06.jpeg,parasitic_diseases,disease
./dataset/SB-FishDisease/Parasitic diseases\Parasitic_diseases_07.jpg,parasitic_diseases,disease
./dataset/SB-FishDisease/Parasitic diseases\Parasitic_diseases_08.png,parasitic_diseases,disease
./dataset/SB-FishDisease/Parasitic diseases\Parasitic_diseases_09.jpg,parasitic_diseases,disease
./dataset/SB-FishDisease/Parasitic diseases\Parasitic_diseases_10.jpeg,parasitic_diseases,disease
./dataset/SB-FishDisease/Parasitic diseases\Parasitic_diseases_11.jpg,parasitic_diseases,disease
./dataset/SB-FishDisease/Parasitic diseases\Parasitic_diseases_12.jpg,parasitic_diseases,disease
./dataset/SB-FishDisease/Parasitic diseases\Parasitic_diseases_13.jpeg,parasitic_diseases,disease
./dataset/SB-FishDisease/Parasitic diseases\Parasitic_diseases_14.jpg,parasitic_diseases,disease
./dataset/SB-FishDisease/Parasitic diseases\Parasitic_diseases_15.jpg,parasitic_diseases,disease
./dataset/SB-FishDisease/Parasitic diseases\Parasitic_diseases_16.jpg,parasitic_diseases,disease
./dataset/SB-FishDisease/Parasitic diseases\Parasitic_diseases_17.jpg,parasitic_diseases,disease
./dataset/SB-FishDisease/Parasitic diseases\Parasitic_diseases_18.jpg,parasitic_diseases,disease
./dataset/SB-FishDisease/Parasitic diseases\Parasitic_diseases_19.jpg,parasitic_diseases,disease
./dataset/SB-FishDisease/Parasitic diseases\Parasitic_diseases_20.jpeg,parasitic_diseases,disease
./dataset/SB-FishDisease/Parasitic diseases\Parasitic_diseases_21.jpeg,parasitic_diseases,disease
./dataset/SB-FishDisease/Parasitic diseases\Parasitic_diseases_22.jpg,parasitic_diseases,disease
./dataset/SB-FishDisease/Parasitic diseases\Parasitic_diseases_23.jpg,parasitic_diseases,disease
./dataset/SB-FishDisease/Parasitic diseases\Parasitic_diseases_24.jpg,parasitic_diseases,disease
./dataset/SB-FishDisease/Parasitic diseases\Parasitic_diseases_25.jpg,parasitic_diseases,disease
./dataset/SB-FishDisease/Parasitic diseases\Parasitic_diseases_26.jpg,parasitic_diseases,disease
./dataset/SB-FishDisease/Parasitic diseases\Parasitic_diseases_27.jpg,parasitic_diseases,disease
./dataset/SB-FishDisease/Parasitic diseases\Parasitic_diseases_28.jpg,parasitic_diseases,disease
./dataset/SB-FishDisease/Parasitic diseases\Parasitic_diseases_29.jpg,parasitic_diseases,disease
./dataset/SB-FishDisease/Parasitic diseases\Parasitic_diseases_30.jpg,parasitic_diseases,disease
./dataset/SB-FishDisease/Parasitic diseases\Parasitic_diseases_31.jpeg,parasitic_diseases,disease
./dataset/SB-FishDisease/Parasitic diseases\Parasitic_diseases_32.jpg,parasitic_diseases,disease
./dataset/SB-FishDisease/Parasitic diseases\Parasitic_diseases_33.jpeg,parasitic_diseases,disease
./dataset/SB-FishDisease/Parasitic diseases\Parasitic_diseases_34.png,parasitic_diseases,disease
./dataset/SB-FishDisease/Parasitic diseases\Parasitic_diseases_35.jpeg,parasitic_diseases,disease
./dataset/SB-FishDisease/Viral diseases White tail disease\Viral_diseases_White_tail_disease_01.jpg,viral_diseases_white_tail_disease,disease
./dataset/SB-FishDisease/Viral diseases White tail disease\Viral_diseases_White_tail_disease_02.webp,viral_diseases_white_tail_disease,disease
./dataset/SB-FishDisease/Viral diseases White tail disease\Viral_diseases_White_tail_disease_03.jpg,viral_diseases_white_tail_disease,disease
./dataset/SB-FishDisease/Viral diseases White tail disease\Viral_diseases_White_tail_disease_04.jpeg,viral_diseases_white_tail_disease,disease
./dataset/SB-FishDisease/Viral diseases White tail disease\Viral_diseases_White_tail_disease_06.jpeg,viral_diseases_white_tail_disease,disease
./dataset/SB-FishDisease/Viral diseases White tail disease\Viral_diseases_White_tail_disease_07.jpg,viral_diseases_white_tail_disease,disease
./dataset/SB-FishDisease/Viral diseases White tail disease\Viral_diseases_White_tail_disease_08.jpeg,viral_diseases_white_tail_disease,disease
./dataset/SB-FishDisease/Viral diseases White tail disease\Viral_diseases_White_tail_disease_09.jpg,viral_diseases_white_tail_disease,disease
./dataset/SB-FishDisease/Viral diseases White tail disease\Viral_diseases_White_tail_disease_10.jpg,viral_diseases_white_tail_disease,disease
./dataset/SB-FishDisease/Viral diseases White tail disease\Viral_diseases_White_tail_disease_11.jpg,viral_diseases_white_tail_disease,disease
./dataset/SB-FishDisease/Viral diseases White tail disease\Viral_diseases_White_tail_disease_12.jpg,viral_diseases_white_tail_disease,disease
./dataset/SB-FishDisease/Viral diseases White tail disease\Viral_diseases_White_tail_disease_13.jpg,viral_diseases_white_tail_disease,disease
./dataset/SB-FishDisease/Viral diseases White tail disease\Viral_diseases_White_tail_disease_14.jpg,viral_diseases_white_tail_disease,disease
./dataset/SB-FishDisease/Viral diseases White tail disease\Viral_diseases_White_tail_disease_15.webp,viral_diseases_white_tail_disease,disease
./dataset/SB-FishDisease/Viral diseases White tail disease\Viral_diseases_White_tail_disease_16.jpg,viral_diseases_white_tail_disease,disease
./dataset/SB-FishDisease/Viral diseases White tail disease\Viral_diseases_White_tail_disease_17.jpg,viral_diseases_white_tail_disease,disease
./dataset/SB-FishDisease/Viral diseases White tail disease\Viral_diseases_White_tail_disease_18.jpg,viral_diseases_white_tail_disease,disease
./dataset/SB-FishDisease/Viral diseases White tail disease\Viral_diseases_White_tail_disease_19.jpg,viral_diseases_white_tail_disease,disease
./dataset/SB-FishDisease/Viral diseases White tail disease\Viral_diseases_White_tail_disease_20.jpeg,viral_diseases_white_tail_disease,disease
./dataset/SB-FishDisease/Viral diseases White tail disease\Viral_diseases_White_tail_disease_21.jpeg,viral_diseases_white_tail_disease,disease
./dataset/SB-FishDisease/Viral diseases White tail disease\Viral_diseases_White_tail_disease_21.jpg,viral_diseases_white_tail_disease,disease
./dataset/SB-FishDisease/Viral diseases White tail disease\Viral_diseases_White_tail_disease_22.jpeg,viral_diseases_white_tail_disease,disease
./dataset/SB-FishDisease/Viral diseases White tail disease\Viral_diseases_White_tail_disease_23.png,viral_diseases_white_tail_disease,disease
./dataset/SB-FishDisease/Viral diseases White tail disease\Viral_diseases_White_tail_disease_24.png,viral_diseases_white_tail_disease,disease
./dataset/SB-FishDisease/Viral diseases White tail disease\Viral_diseases_White_tail_disease_25.jpg,viral_diseases_white_tail_disease,disease
./dataset/SB-FishDisease/Viral diseases White tail disease\Viral_diseases_White_tail_disease_26.jpg,viral_diseases_white_tail_disease,disease
./dataset/SB-FishDisease/Viral diseases White tail disease\Viral_diseases_White_tail_disease_27.jpg,viral_diseases_white_tail_disease,disease
./dataset/SB-FishDisease/Viral diseases White tail disease\Viral_diseases_White_tail_disease_28.jpg,viral_diseases_white_tail_disease,disease
./dataset/SB-FishDisease/Viral diseases White tail disease\Viral_diseases_White_tail_disease_29.jpg,viral_diseases_white_tail_disease,disease
./dataset/SB-FishDisease/Viral diseases White tail disease\Viral_diseases_White_tail_disease_30.jpg,viral_diseases_white_tail_disease,disease
./dataset/SB-FishDisease/Viral diseases White tail disease\Viral_diseases_White_tail_disease_31.jpg,viral_diseases_white_tail_disease,disease
./dataset/SB-FishDisease/Viral diseases White tail disease\Viral_diseases_White_tail_disease_32.jpg,viral_diseases_white_tail_disease,disease
./dataset/SB-FishDisease/Viral diseases White tail disease\Viral_diseases_White_tail_disease_33.jpg,viral_diseases_white_tail_disease,disease
./dataset/SB-FishDisease/Viral diseases White tail disease\Viral_diseases_White_tail_disease_34.jpg,viral_diseases_white_tail_disease,disease
./dataset/SB-FishDisease/Viral diseases White tail disease\Viral_diseases_White_tail_disease_35.jpg,viral_diseases_white_tail_disease,disease
./dataset/SB-FishDisease/Viral diseases White tail disease\Viral_diseases_White_tail_disease_36.jpg,viral_diseases_white_tail_disease,disease
./dataset/SB-FishDisease/Viral diseases White tail disease\Viral_diseases_White_tail_disease_37.jpeg,viral_diseases_white_tail_disease,disease
./dataset/SB-FishDisease/Viral diseases White tail disease\Viral_diseases_White_tail_disease_38.jpg,viral_diseases_white_tail_disease,disease
./dataset/SB-FishDisease/Viral diseases White tail disease\Viral_diseases_White_tail_disease_39.jpeg,viral_diseases_white_tail_disease,disease
./dataset/SB-FishDisease/Viral diseases White tail disease\Viral_diseases_White_tail_disease_40.jpeg,viral_diseases_white_tail_disease,disease
./dataset/SB-FishDisease/Viral diseases White tail disease\Viral_diseases_White_tail_disease_41.png,viral_diseases_white_tail_disease,disease
